{
  "type_description_msg": {
    "type_description": {
      "type_name": "turtlesim/msg/Color",
      "fields": [
        {
          "name": "r",
          "type": {
            "type_id": 3,
            "capacity": 0,
            "string_capacity": 0,
            "nested_type_name": ""
          },
          "default_value": ""
        },
        {
          "name": "g",
          "type": {
            "type_id": 3,
            "capacity": 0,
            "string_capacity": 0,
            "nested_type_name": ""
          },
          "default_value": ""
        },
        {
          "name": "b",
          "type": {
            "type_id": 3,
            "capacity": 0,
            "string_capacity": 0,
            "nested_type_name": ""
          },
          "default_value": ""
        }
      ]
    },
    "referenced_type_descriptions": []
  },
  "type_hashes": [
    {
      "type_name": "turtlesim/msg/Color",
      "hash_string": "RIHS01_74492579ec0d734707aede0e742ab76c55ac50d3ff917381e5163624cb657fe5"
    }
  ]
}