{
  "type_description_msg": {
    "type_description": {
      "type_name": "tutorial_interfaces/msg/Sphere",
      "fields": [
        {
          "name": "center",
          "type": {
            "type_id": 1,
            "capacity": 0,
            "string_capacity": 0,
            "nested_type_name": "geometry_msgs/msg/Point"
          },
          "default_value": ""
        },
        {
          "name": "radius",
          "type": {
            "type_id": 11,
            "capacity": 0,
            "string_capacity": 0,
            "nested_type_name": ""
          },
          "default_value": ""
        }
      ]
    },
    "referenced_type_descriptions": [
      {
        "type_name": "geometry_msgs/msg/Point",
        "fields": [
          {
            "name": "x",
            "type": {
              "type_id": 11,
              "capacity": 0,
              "string_capacity": 0,
              "nested_type_name": ""
            },
            "default_value": ""
          },
          {
            "name": "y",
            "type": {
              "type_id": 11,
              "capacity": 0,
              "string_capacity": 0,
              "nested_type_name": ""
            },
            "default_value": ""
          },
          {
            "name": "z",
            "type": {
              "type_id": 11,
              "capacity": 0,
              "string_capacity": 0,
              "nested_type_name": ""
            },
            "default_value": ""
          }
        ]
      }
    ]
  },
  "type_hashes": [
    {
      "type_name": "tutorial_interfaces/msg/Sphere",
      "hash_string": "RIHS01_df3d7dcce529c7e935610cfd7d44e5fd03cedd44163fd7e01b7f62d5cc21cd1b"
    },
    {
      "type_name": "geometry_msgs/msg/Point",
      "hash_string": "RIHS01_6963084842a9b04494d6b2941d11444708d892da2f4b09843b9c43f42a7f6881"
    }
  ]
}